id,person,start_date,end_date,name,level
1213,480,27/06/2022,,ASSISTENTE FISCAL II - NÍVEL 1,ASSISTENTE
1209,476,09/05/2022,,ASSESSOR DE RELACIONAMENTO E NOVOS NEGÓCIOS JÚNIOR - NÍVEL 2,ASSESSOR
1212,479,25/04/2022,,ANALISTA DE GENTE E GESTÃO JÚNIOR - NÍVEL 3,ANALISTA
1210,477,18/04/2022,,ASSISTENTE FISCAL I - NÍVEL 2,ASSISTENTE
1211,478,04/04/2022,,ASSISTENTE FISCAL I - NÍVEL 2,ASSISTENTE
1214,481,17/03/2022,,ASSISTENTE DE GENTE E GESTÃO II - NÍVEL 1,ASSISTENTE
686,139,01/03/2022,,ASSESSOR DE RELACIONAMENTO DE NOVOS NEGOCIOS JUNIOR - NIVEL 5,ASSESSOR
473,86,21/02/2022,11/03/2017,ASSISTENTE RELACIONAMENTO E NOVOS NEGOCIOS III - NIVEL 3,ASSISTENTE
666,135,21/02/2022,,ASSISTENTE DE RELACIONAMENTO E NOVOS NEGOCIOS II - NIVEL 3,ASSISTENTE
483,89,04/01/2022,,ESTAGIARIO,ESTAGIARIO
665,133,04/01/2022,,GERENTE JURIDICO PLENO - NIVEL 3,GERENTE
1187,328,03/01/2022,,ADVOGADO PLENO - NÍVEL 4,ADVOGADO
622,120,22/11/2021,,ADVOGADA SENIOR - NIVEL 3,ADVOGADA
570,113,26/10/2021,,ASSISTENTE FISCAL I - NIVEL 1,ASSISTENTE
522,99,18/10/2021,,ANALISTA DE INTELIGENCIA DO NEGOCIO JUNIOR - NIVEL 1,ANALISTA
462,83,13/10/2021,,ANALISTA CONTABIL PLENO - NIVEL 3,ANALISTA
651,128,13/10/2021,,ANALISTA FISCAL JUNIOR - NIVEL 1,ANALISTA
461,82,27/09/2021,,ASSISTENTE FISCAL I - NIVEL 4,ASSISTENTE
650,127,27/09/2021,,ASSISTENTE FISCAL III - NIVEL 5,ASSISTENTE
569,112,09/09/2021,,ASSISTENTE JURIDICO I - NIVEL 1,ASSISTENTE
484,90,08/09/2021,,ASSISTENTE CONTABIL III - NIVEL 4,ASSISTENTE
534,103,23/08/2021,,ASSISTENTE FISCAL I - NIVEL 1,ASSISTENTE
540,105,23/08/2021,,ASSISTENTE FISCAL I - NIVEL 1,ASSISTENTE
1151,311,23/08/2021,04/02/2022,ASSISTENTE FISCAL I - NÍVEL 4,ASSISTENTE
450,79,01/08/2021,,ASSISTENTE FISCAL II - NIVEL 1,ASSISTENTE
460,81,01/08/2021,,ANALISTA FISCAL SENIOR - NIVEL 2,ANALISTA
470,84,01/08/2021,,ANALISTA FISCAL MASTER - NIVEL 1,ANALISTA
481,88,01/08/2021,,ANALISTA FISCAL JUNIOR - NIVEL 5,ANALISTA
493,91,01/08/2021,,COORDENADOR FISCAL PLENO - NIVEL 1,COORDENADOR
495,92,01/08/2021,,ASSISTENTE FISCAL III - NIVEL 4,ASSISTENTE
503,95,01/08/2021,,ASSISTENTE CONTABIL II - NIVEL 5,ASSISTENTE
520,97,01/08/2021,,ANALISTA FISCAL MASTER - NIVEL 1,ANALISTA
526,100,01/08/2021,,ANALISTA FISCAL JUNIOR - NIVEL 5,ANALISTA
544,106,01/08/2021,,ANALISTA FISCAL JUNIOR - NIVEL 4,ANALISTA
549,107,01/08/2021,,ANALISTA FISCAL JUNIOR - NIVEL 1,ANALISTA
559,108,01/08/2021,,ASSESSOR DE GENTE E GESTAO PLENO - NIVEL 4,ASSESSOR
567,111,01/08/2021,,ANALISTA FISCAL PLENO - NIVEL 1,ANALISTA
577,114,01/08/2021,,ANALISTA DE INTELIGENCIA DO NEGOCIO PLENO - NIVEL 1,ANALISTA
597,117,01/08/2021,,ANALISTA FISCAL SENIOR - NIVEL 1,ANALISTA
621,119,01/08/2021,,ANALISTA FISCAL SENIOR - NIVEL 2,ANALISTA
628,121,01/08/2021,,ANALISTA FISCAL PLENO - NIVEL 1,ANALISTA
636,122,01/08/2021,,ANALISTA FISCAL MASTER - NIVEL 1,ANALISTA
644,123,01/08/2021,,ANALISTA FISCAL SENIOR - NIVEL 1,ANALISTA
656,130,01/08/2021,,ASSISTENTE CONTABIL III - NIVEL 1,ASSISTENTE
662,131,01/08/2021,,ANALISTA FISCAL JUNIOR - NIVEL 1,ANALISTA
670,136,01/08/2021,,ANALISTA FISCAL JUNIOR - NIVEL 1,ANALISTA
685,138,01/08/2021,,COORDENADOR FISCAL PLENO - NIVEL 4,COORDENADOR
693,140,01/08/2021,,ANALISTA FISCAL JUNIOR - NIVEL 5,ANALISTA
995,250,01/08/2021,21/02/2022,ANALISTA DE RELACIONAMENTO E NOVOS NEGÓCIOS PLENO - NÍVEL 1,ANALISTA
1150,310,01/08/2021,19/01/2022,ASSISTENTE FISCAL III - NÍVEL 4,ASSISTENTE
474,87,26/07/2021,,ASSISTENTE FISCAL I - NIVEL 1,ASSISTENTE
533,102,26/07/2021,,ASSISTENTE FISCAL I - NIVEL 1,ASSISTENTE
695,141,14/07/2021,,ANALISTA DE DEPARTAMENTO PESSOAL PLENO - NIVEL 1,ANALISTA
1094,287,11/07/2021,25/02/2022,ANALISTA DE RELACIONAMENTO E NOVOS NEGÓCIOS JÚNIOR - NÍVEL 1,ANALISTA
627,121,01/07/2021,01/08/2021,ANALISTA FISCAL JUNIOR - NIVEL 3,ANALISTA
649,126,01/07/2021,,ASSISTENTE JURIDICO I - NIVEL 5,ASSISTENTE
1084,279,07/06/2021,31/01/2022,ASSISTENTE DE RELACIONAMENTO E NOVOS NEGÓCIOS II - NÍVEL 5,ASSISTENTE
469,84,01/06/2021,01/08/2021,ANALISTA FISCAL PLENO - NIVEL 5,ANALISTA
671,137,28/05/2021,,ASSISTENTE FISCAL II - NIVEL 5,ASSISTENTE
1007,258,24/05/2021,26/07/2021,ASSISTENTE DE RELACIONAMENTO E NOVOS NEGÓCIOS II - NÍVEL 2,ASSISTENTE
1016,260,14/05/2021,03/12/2021,ANALISTA CONTÁBIL PLENO - NÍVEL 5,ANALISTA
497,93,01/05/2021,,ASSISTENTE ADMINISTRATIVO II - NIVEL 5,ASSISTENTE
502,95,01/05/2021,01/08/2021,ASSISTENTE CONTABIL II - NIVEL 1,ASSISTENTE
506,96,01/05/2021,,ASSISTENTE DE GENTE E GESTAO II - NIVEL 5,ASSISTENTE
532,101,01/05/2021,,ADVOGADO JUNIOR - NIVEL 5,ADVOGADO
539,104,01/05/2021,,ASSISTENTE DE INTELIGENCIA DO NEGOCIO II - NIVEL 2,ASSISTENTE
576,114,01/05/2021,01/08/2021,ANALISTA DE INTELIGENCIA DO NEGOCIO JUNIOR - NIVEL 1,ANALISTA
611,118,01/05/2021,,ASSESSOR DE INTELIGENCIA DO NEGOCIO JUNIOR - NIVEL 5,ASSESSOR
645,124,01/05/2021,,ASSISTENTE DE RELACIONAMENTO E NOVOS NEGOCIOS II - NIVEL 1,ASSISTENTE
698,142,01/05/2021,,ASSISTENTE DE INTELIGENCIA DO NEGOCIO I - NIVEL 1,ASSISTENTE
983,245,01/05/2021,20/12/2021,ASSISTENTE JURÍDICO III - NÍVEL 4,ASSISTENTE
989,248,01/05/2021,17/02/2022,ANALISTA DE GENTE E GESTÃO PLENO - NÍVEL 2,ANALISTA
1019,261,01/05/2021,28/05/2021,ANALISTA DE DEPARTAMENTO PESSOAL JÚNIOR - NÍVEL 3,ANALISTA
1142,307,01/05/2021,25/06/2021,ANALISTA DE RELACIONAMENTO E NOVOS NEGÓCIOS JÚNIOR - NÍVEL 2,ANALISTA
1149,310,01/05/2021,01/08/2021,ASSISTENTE FISCAL III - NÍVEL 3,ASSISTENTE
1183,325,01/05/2021,01/10/2021,ANALISTA FISCAL JÚNIOR - NÍVEL 1,ANALISTA
1184,326,01/05/2021,21/02/2022,ASSISTENTE DE RELACIONAMENTO E NOVOS NEGÓCIOS III - NÍVEL 4,ASSISTENTE
451,80,19/04/2021,,ASSISTENTE FISCAL I - NIVEL 3,ASSISTENTE
694,141,15/04/2021,14/07/2021,ANALISTA DE DEPARTAMENTO PESSOAL JUNIOR - NIVEL 2,ANALISTA
1053,270,05/04/2021,04/06/2021,ASSISTENTE FISCAL I - NÍVEL 1,ASSISTENTE
1131,304,05/04/2021,30/12/2021,ANALISTA FISCAL PLENO - NÍVEL 2,ANALISTA
449,79,01/04/2021,01/08/2021,ASSISTENTE FISCAL I - NIVEL 3,ASSISTENTE
1180,324,01/04/2021,30/09/2021,ASSISTENTE FISCAL II - NÍVEL 1,ASSISTENTE
697,142,23/03/2021,01/05/2021,ASSISTENTE DE RELACIONAMENTO E NOVOS NEGOCIOS I - NIVEL 1,ASSISTENTE
498,94,15/03/2021,,ASSISTENTE FISCAL II - NIVEL 1,ASSISTENTE
999,253,08/03/2021,30/11/2021,ANALISTA DE RELACIONAMENTO E NOVOS NEGÓCIOS JÚNIOR - NÍVEL 3,ANALISTA
661,131,01/03/2021,01/08/2021,ASSISTENTE FISCAL III - NIVEL 5,ASSISTENTE
1085,280,24/02/2021,30/04/2021,ANALISTA CONTÁBIL PLENO - NÍVEL 5,ANALISTA
1190,330,05/02/2021,12/03/2021,ANALISTA DE CONSULTORIA SÊNIOR - NÍVEL 5,ANALISTA
664,132,01/02/2021,,ANALISTA DE CONSULTORIA PLENO - NIVEL 1,ANALISTA
1182,325,01/02/2021,01/05/2021,ASSISTENTE DE CONSULTORIA III - NÍVEL 3,ASSISTENTE
1178,323,13/01/2021,17/05/2021,ASSISTENTE DE RELACIONAMENTO E NOVOS NEGÓCIOS II - NÍVEL 2,ASSISTENTE
652,129,06/01/2021,,ASSISTENTE FISCAL II - NIVEL 1,ASSISTENTE
998,252,06/01/2021,22/03/2021,ASSISTENTE DE RELACIONAMENTO E NOVOS NEGÓCIOS I - NÍVEL 1,ASSISTENTE
1123,299,06/01/2021,28/05/2021,ASSISTENTE DE RELACIONAMENTO E NOVOS NEGÓCIOS I - NÍVEL 1,ASSISTENTE
521,98,05/01/2021,,DIRETOR,DIRETOR
480,88,01/01/2021,01/08/2021,ANALISTA FISCAL JUNIOR - NIVEL 1,ANALISTA
1186,327,01/01/2021,30/07/2021,GERENTE JURÍDICO PLENO - NÍVEL 4,GERENTE
1198,333,01/01/2021,13/08/2021,COORDENADOR JURÍDICO JÚNIOR - NÍVEL 1,COORDENADOR
501,95,01/12/2020,01/05/2021,ASSISTENTE CONTABIL I - NIVEL 3,ASSISTENTE
496,93,11/11/2020,01/05/2021,ASSISTENTE ADMINISTRATIVO I - NIVEL 2,ASSISTENTE
448,79,03/11/2020,01/04/2021,ASSISTENTE FISCAL I - NIVEL 1,ASSISTENTE
1130,303,13/10/2020,08/01/2021,ASSISTENTE FISCAL I - NÍVEL 1,ASSISTENTE
494,92,05/10/2020,01/08/2021,ASSISTENTE FISCAL III - NIVEL 1,ASSISTENTE
459,81,01/10/2020,01/08/2021,ANALISTA FISCAL PLENO - NIVEL 4,ANALISTA
468,84,01/10/2020,01/06/2021,ANALISTA FISCAL PLENO - NIVEL 4,ANALISTA
472,85,01/10/2020,,ASSISTENTE FISCAL II - NIVEL 1,ASSISTENTE
479,88,01/10/2020,01/01/2021,ASSISTENTE FISCAL III - NIVEL 5,ASSISTENTE
525,100,01/10/2020,01/08/2021,ANALISTA FISCAL JUNIOR - NIVEL 1,ANALISTA
531,101,01/10/2020,01/05/2021,ASSISTENTE JURIDICO III - NIVEL 5,ASSISTENTE
538,104,01/10/2020,01/05/2021,ASSISTENTE DE RELACIONAMENTO E NOVOS NEGOCIOS II - NIVEL 2,ASSISTENTE
548,107,01/10/2020,01/08/2021,ASSISTENTE FISCAL III - NIVEL 2,ASSISTENTE
561,110,01/10/2020,,ANALISTA DE PROCESSOS E TECNOLOGIA SENIOR - NIVEL 4,ANALISTA
575,114,01/10/2020,01/05/2021,ANALISTA FISCAL JUNIOR - NIVEL 1,ANALISTA
582,115,01/10/2020,,ASSISTENTE FINANCEIRO III - NIVEL 1,ASSISTENTE
610,118,01/10/2020,01/05/2021,ANALISTA FISCAL MASTER - NIVEL 5,ANALISTA
635,122,01/10/2020,01/08/2021,ANALISTA FISCAL SENIOR - NIVEL 1,ANALISTA
643,123,01/10/2020,01/08/2021,ANALISTA FISCAL PLENO - NIVEL 3,ANALISTA
669,136,01/10/2020,01/08/2021,ASSISTENTE FISCAL II - NIVEL 4,ASSISTENTE
692,140,01/10/2020,01/08/2021,ANALISTA FISCAL JUNIOR - NIVEL 1,ANALISTA
988,248,01/10/2020,01/05/2021,ANALISTA DE GENTE E GESTÃO JÚNIOR - NÍVEL 5,ANALISTA
994,250,01/10/2020,01/08/2021,ANALISTA DE RELACIONAMENTO E NOVOS NEGÓCIOS JÚNIOR - NÍVEL 1,ANALISTA
1056,271,01/10/2020,30/06/2021,ASSISTENTE FISCAL I - NÍVEL 5,ASSISTENTE
1141,307,01/10/2020,01/05/2021,ANALISTA DE RELACIONAMENTO E NOVOS NEGÓCIOS JÚNIOR - NÍVEL 1,ANALISTA
1197,333,01/10/2020,01/01/2021,ADVOGADO SÊNIOR - NÍVEL 5,ADVOGADO
1202,335,01/10/2020,31/05/2021,ASSISTENTE FISCAL I - NÍVEL 5,ASSISTENTE
1124,300,29/09/2020,27/11/2020,ADVOGADO PLENO - NÍVEL 5,ADVOGADO
663,132,17/09/2020,01/02/2021,ANALISTA FISCAL PLENO - NIVEL 3,ANALISTA
482,89,14/09/2020,04/01/2022,MENOR APRENDIZ,MENOR
568,112,08/09/2020,09/09/2021,ESTAGIARIO,ESTAGIARIO
696,142,08/09/2020,23/03/2021,ESTAGIARIO,ESTAGIARIO
1181,325,02/09/2020,01/02/2021,ASSISTENTE FISCAL III - NÍVEL 5,ASSISTENTE
1097,289,26/08/2020,31/03/2021,GERENTE CONTÁBIL SÊNIOR - NÍVEL 1,GERENTE
537,104,01/08/2020,01/10/2020,ASSISTENTE DE RELACIONAMENTO E NOVOS NEGOCIOS II - NIVEL 1,ASSISTENTE
655,130,01/08/2020,01/08/2021,ASSISTENTE CONTABIL II - NIVEL 5,ASSISTENTE
691,140,01/08/2020,01/10/2020,ASSISTENTE FISCAL III - NIVEL 4,ASSISTENTE
1193,331,01/08/2020,16/02/2021,ASSISTENTE FISCAL II - NÍVEL 5,ASSISTENTE
1159,314,24/06/2020,23/11/2021,COORDENADOR CONTÁBIL JÚNIOR - NÍVEL 1,COORDENADOR
648,126,08/06/2020,01/07/2021,ASSISTENTE JURIDICO I - NIVEL 2,ASSISTENTE
1185,327,08/06/2020,01/01/2021,GERENTE JURÍDICO PLENO - NÍVEL 1,GERENTE
993,250,01/06/2020,01/10/2020,ASSISTENTE DE RELACIONAMENTO E NOVOS NEGÓCIOS III - NÍVEL 1,ASSISTENTE
1000,254,18/05/2020,15/07/2020,ANALISTA DE RELACIONAMENTO E NOVOS NEGÓCIOS PLENO - NÍVEL 4,ANALISTA
505,96,01/05/2020,01/05/2021,ASSISTENTE DE GENTE E GESTAO I - NIVEL 3,ASSISTENTE
969,240,01/05/2020,31/07/2021,ANALISTA DE CONSULTORIA SÊNIOR - NÍVEL 2,ANALISTA
1018,261,01/05/2020,01/05/2021,ANALISTA DE DEPARTAMENTO PESSOAL JÚNIOR - NÍVEL 2,ANALISTA
1167,315,01/05/2020,21/05/2021,ANALISTA FINANCEIRO PLENO - NÍVEL 1,ANALISTA
997,251,14/04/2020,02/10/2020,ASSISTENTE DE RELACIONAMENTO E NOVOS NEGÓCIOS III - NÍVEL 2,ASSISTENTE
1196,333,18/03/2020,01/10/2020,ADVOGADO PLENO - NÍVEL 4,ADVOGADO
1199,334,16/03/2020,24/02/2022,ASSESSOR DE RELACIONAMENTO E NOVOS NEGÓCIOS PLENO - NÍVEL 1,ASSESSOR
560,110,02/02/2020,01/10/2020,ANALISTA DE PROCESSOS E TECNOLOGIA JUNIOR - NIVEL 2,ANALISTA
996,251,13/01/2020,14/04/2020,ASSISTENTE DE RELACIONAMENTO E NOVOS NEGÓCIOS II - NÍVEL 3,ASSISTENTE
1125,301,13/01/2020,24/07/2020,ANALISTA CONTÁBIL JÚNIOR - NÍVEL 5,ANALISTA
558,108,01/01/2020,01/08/2021,ASSESSOR DE GENTE E GESTAO JUNIOR - NIVEL 2,ASSESSOR
1120,296,01/01/2020,15/04/2021,ASSESSOR DE PROCESSOS E TECNOLOGIA JÚNIOR - NÍVEL 2,ASSESSOR
530,101,01/12/2019,01/10/2020,ASSISTENTE JURIDICO III - NIVEL 2,ASSISTENTE
543,106,01/12/2019,01/08/2021,ANALISTA FISCAL JUNIOR - NIVEL 1,ANALISTA
566,111,01/12/2019,01/08/2021,ANALISTA FISCAL JUNIOR - NIVEL 2,ANALISTA
620,119,01/12/2019,01/08/2021,ANALISTA FISCAL PLENO - NIVEL 4,ANALISTA
690,140,01/12/2019,01/08/2020,ASSISTENTE FISCAL III - NIVEL 1,ASSISTENTE
985,247,05/11/2019,13/08/2021,ASSESSOR DE RELACIONAMENTO E NOVOS NEGÓCIOS PLENO - NÍVEL 1,ASSESSOR
1179,324,04/11/2019,01/04/2021,ASSISTENTE FISCAL I - NÍVEL 5,ASSISTENTE
574,114,01/11/2019,01/10/2020,ASSISTENTE FISCAL III - NIVEL 4,ASSISTENTE
660,131,01/11/2019,01/03/2021,ASSISTENTE FISCAL III - NIVEL 3,ASSISTENTE
1055,271,01/11/2019,01/10/2020,ASSISTENTE FISCAL I - NÍVEL 3,ASSISTENTE
1100,290,01/11/2019,24/07/2020,ANALISTA CONTÁBIL JÚNIOR - NÍVEL 5,ANALISTA
1140,307,01/11/2019,01/10/2020,ASSISTENTE DE RELACIONAMENTO E NOVOS NEGÓCIOS III - NÍVEL 4,ASSISTENTE
1192,331,01/11/2019,01/08/2020,ASSISTENTE FISCAL II - NÍVEL 3,ASSISTENTE
471,85,21/10/2019,01/10/2020,ASSISTENTE FISCAL I - NIVEL 5,ASSISTENTE
500,95,01/10/2019,01/12/2020,ASSISTENTE ADMINISTRATIVO I - NIVEL 5,ASSISTENTE
519,97,01/10/2019,01/08/2021,ANALISTA FISCAL SENIOR - NIVEL 1,ANALISTA
524,100,01/10/2019,01/10/2020,ASSISTENTE FISCAL III - NIVEL 5,ASSISTENTE
668,136,01/10/2019,01/10/2020,ASSISTENTE FISCAL I - NIVEL 2,ASSISTENTE
1065,273,01/10/2019,30/06/2020,ANALISTA CONTÁBIL PLENO - NÍVEL 4,ANALISTA
1093,286,01/10/2019,01/07/2020,ASSISTENTE FISCAL I - NÍVEL 2,ASSISTENTE
1122,298,25/09/2019,22/12/2020,ANALISTA CONTÁBIL JÚNIOR - NÍVEL 3,ANALISTA
1017,261,03/09/2019,01/05/2020,ANALISTA CONTÁBIL JÚNIOR - NÍVEL 2,ANALISTA
647,125,01/09/2019,,ASSISTENTE FISCAL III - NIVEL 4,ASSISTENTE
654,130,01/09/2019,01/08/2020,ASSISTENTE FISCAL II - NIVEL 2,ASSISTENTE
968,240,01/09/2019,01/05/2020,ANALISTA CONTÁBIL SÊNIOR - NÍVEL 2,ANALISTA
982,245,01/09/2019,01/05/2021,ASSISTENTE JURÍDICO III - NÍVEL 2,ASSISTENTE
1201,335,01/09/2019,01/10/2020,ASSISTENTE FISCAL I - NÍVEL 4,ASSISTENTE
467,84,01/08/2019,01/10/2020,ANALISTA FISCAL PLENO - NIVEL 2,ANALISTA
547,107,01/08/2019,01/10/2020,ASSISTENTE FISCAL II - NIVEL 4,ASSISTENTE
596,117,01/08/2019,01/08/2021,ANALISTA FISCAL PLENO - NIVEL 2,ANALISTA
626,121,01/08/2019,01/07/2021,ANALISTA FISCAL JUNIOR - NIVEL 2,ANALISTA
987,248,01/08/2019,01/10/2020,ANALISTA DE GENTE E GESTÃO JÚNIOR - NÍVEL 2,ANALISTA
1048,268,01/08/2019,25/05/2020,ASSISTENTE CONTÁBIL III - NÍVEL 3,ASSISTENTE
1096,288,01/08/2019,06/01/2020,ASSISTENTE FISCAL I - NÍVEL 4,ASSISTENTE
1103,292,08/07/2019,28/08/2020,DIRETOR,DIRETOR
504,96,04/07/2019,01/05/2020,ASSISTENTE DE PROCESSOS E TECNOLOGIA I - NIVEL 3,ASSISTENTE
458,81,01/07/2019,01/10/2020,ANALISTA FISCAL PLENO - NIVEL 1,ANALISTA
478,88,01/07/2019,01/10/2020,ASSISTENTE FISCAL III - NIVEL 1,ASSISTENTE
492,91,01/07/2019,01/08/2021,COORDENADOR FISCAL JUNIOR - NIVEL 3,COORDENADOR
536,104,01/07/2019,01/08/2020,ASSISTENTE ADMINISTRATIVO II - NIVEL 1,ASSISTENTE
542,106,01/07/2019,01/12/2019,ASSISTENTE FISCAL III - NIVEL 5,ASSISTENTE
634,122,01/07/2019,01/10/2020,ANALISTA FISCAL PLENO - NIVEL 3,ANALISTA
978,243,01/07/2019,08/11/2019,ADVOGADO JÚNIOR - NÍVEL 1,ADVOGADO
1166,315,01/07/2019,01/05/2020,ANALISTA ADMINISTRATIVO PLENO - NÍVEL 1,ANALISTA
1001,255,10/06/2019,27/05/2020,COORDENADOR CONTÁBIL PLENO - NÍVEL 3,COORDENADOR
529,101,01/06/2019,01/12/2019,ASSISTENTE JURIDICO II - NIVEL 5,ASSISTENTE
565,111,01/06/2019,01/12/2019,ANALISTA FISCAL JUNIOR - NIVEL 1,ANALISTA
581,115,01/06/2019,01/10/2020,ASSISTENTE ADMINISTRATIVO II - NIVEL 4,ASSISTENTE
619,119,01/06/2019,01/12/2019,ANALISTA FISCAL PLENO - NIVEL 3,ANALISTA
689,140,01/06/2019,01/12/2019,ASSISTENTE FISCAL II - NIVEL 4,ASSISTENTE
1139,307,01/06/2019,01/11/2019,ASSISTENTE COMERCIAL II - NÍVEL 5,ASSISTENTE
491,91,20/05/2019,01/07/2019,COORDENADOR FISCAL JUNIOR - NIVEL 2,COORDENADOR
557,108,02/05/2019,01/01/2020,ASSESSOR DE GENTE E GESTAO JUNIOR - NIVEL 1,ASSESSOR
659,131,02/05/2019,01/11/2019,ASSISTENTE FISCAL III - NIVEL 2,ASSISTENTE
1054,271,02/05/2019,01/11/2019,ASSISTENTE FISCAL I - NÍVEL 1,ASSISTENTE
1119,296,02/05/2019,01/01/2020,ASSESSOR DE PROCESSOS E TECNOLOGIA JÚNIOR - NÍVEL 1,ASSESSOR
1191,331,02/05/2019,01/11/2019,ASSISTENTE FISCAL II - NÍVEL 2,ASSISTENTE
573,114,01/05/2019,01/11/2019,ASSISTENTE FISCAL III - NIVEL 2,ASSISTENTE
609,118,01/05/2019,01/10/2020,ANALISTA FISCAL MASTER - NIVEL 4,ANALISTA
667,136,15/04/2019,01/10/2019,ASSISTENTE FISCAL I - NIVEL 1,ASSISTENTE
1092,286,15/04/2019,01/10/2019,ASSISTENTE FISCAL I - NÍVEL 1,ASSISTENTE
499,95,03/04/2019,01/10/2019,ASSISTENTE ADMINISTRATIVO I - NIVEL 1,ASSISTENTE
518,97,01/04/2019,01/10/2019,ANALISTA FISCAL PLENO - NIVEL 5,ANALISTA
523,100,01/04/2019,01/10/2019,ASSISTENTE FISCAL III - NIVEL 3,ASSISTENTE
646,125,18/03/2019,01/09/2019,ASSISTENTE FISCAL III - NIVEL 3,ASSISTENTE
653,130,11/03/2019,01/09/2019,ASSISTENTE FISCAL II - NIVEL 1,ASSISTENTE
1200,335,06/03/2019,01/09/2019,ASSISTENTE FISCAL I - NÍVEL 3,ASSISTENTE
625,121,01/03/2019,01/08/2019,ANALISTA FISCAL JUNIOR - NIVEL 1,ANALISTA
642,123,01/03/2019,01/10/2020,ANALISTA FISCAL JUNIOR - NIVEL 5,ANALISTA
981,245,01/03/2019,01/09/2019,ASSISTENTE JURÍDICO II - NÍVEL 1,ASSISTENTE
986,248,28/02/2019,01/08/2019,ASSISTENTE DE RECURSOS HUMANOS III - NÍVEL 3,ASSISTENTE
1095,288,18/02/2019,01/08/2019,ASSISTENTE FISCAL I - NÍVEL 3,ASSISTENTE
1047,268,04/02/2019,01/08/2019,ASSISTENTE FISCAL III - NÍVEL 2,ASSISTENTE
466,84,01/02/2019,01/08/2019,ANALISTA FISCAL PLENO - NIVEL 1,ANALISTA
546,107,01/02/2019,01/08/2019,ASSISTENTE FISCAL I - NIVEL 2,ASSISTENTE
595,117,01/02/2019,01/08/2019,ANALISTA FISCAL JUNIOR - NIVEL 5,ANALISTA
641,123,01/02/2019,01/03/2019,ANALISTA FISCAL JUNIOR - NIVEL 3,ANALISTA
535,104,14/01/2019,01/07/2019,ASSISTENTE ADMINISTRATIVO I - NIVEL 1,ASSISTENTE
457,81,01/01/2019,01/07/2019,ANALISTA FISCAL JUNIOR - NIVEL 4,ANALISTA
477,88,01/01/2019,01/07/2019,ASSISTENTE FISCAL II - NIVEL 2,ASSISTENTE
490,91,01/01/2019,20/05/2019,ANALISTA FISCAL SENIOR - NIVEL 1,ANALISTA
556,108,01/01/2019,02/05/2019,COORDENADOR DE RECURSOS HUMANOS PLENO - NIVEL 3,COORDENADOR
633,122,01/01/2019,01/07/2019,ANALISTA FISCAL PLENO - NIVEL 2,ANALISTA
1046,267,01/01/2019,21/06/2019,ANALISTA FISCAL MASTER - NÍVEL 1,ANALISTA
1165,315,01/01/2019,01/07/2019,ANALISTA ADMINISTRATIVO JÚNIOR - NÍVEL 5,ANALISTA
1175,320,17/12/2018,29/04/2019,ASSISTENTE FISCAL I - NÍVEL 4,ASSISTENTE
541,106,10/12/2018,01/07/2019,ASSISTENTE FISCAL III - NIVEL 4,ASSISTENTE
970,241,10/12/2018,15/04/2019,ASSISTENTE FISCAL I - NÍVEL 1,ASSISTENTE
528,101,01/12/2018,01/06/2019,ASSISTENTE JURIDICO II - NIVEL 1,ASSISTENTE
564,111,01/12/2018,01/06/2019,ASSISTENTE FISCAL III - NIVEL 4,ASSISTENTE
580,115,01/12/2018,01/06/2019,ASSISTENTE ADMINISTRATIVO II - NIVEL 2,ASSISTENTE
618,119,01/12/2018,01/06/2019,ANALISTA FISCAL PLENO - NIVEL 2,ANALISTA
688,140,01/12/2018,01/06/2019,ASSISTENTE FISCAL II - NIVEL 2,ASSISTENTE
1023,262,01/12/2018,18/10/2019,ASSISTENTE ADMINISTRATIVO III - NÍVEL 5,ASSISTENTE
1172,318,01/12/2018,08/04/2019,ASSISTENTE CONTÁBIL II - NÍVEL 4,ASSISTENTE
1138,307,28/11/2018,01/06/2019,ASSISTENTE COMERCIAL I - NÍVEL 4,ASSISTENTE
572,114,22/11/2018,01/05/2019,ASSISTENTE FISCAL II - NIVEL 5,ASSISTENTE
658,131,01/11/2018,02/05/2019,ASSISTENTE FISCAL II - NIVEL 5,ASSISTENTE
1041,265,01/11/2018,24/02/2019,COORDENADOR FISCAL PLENO - NÍVEL 3,COORDENADOR
1064,273,01/11/2018,01/10/2019,ANALISTA CONTÁBIL PLENO - NÍVEL 3,ANALISTA
1099,290,01/11/2018,01/11/2019,ANALISTA CONTÁBIL JÚNIOR - NÍVEL 4,ANALISTA
517,97,01/10/2018,01/04/2019,ANALISTA FISCAL PLENO - NIVEL 3,ANALISTA
608,118,01/10/2018,01/05/2019,ANALISTA FISCAL PLENO - NIVEL 5,ANALISTA
980,245,10/09/2018,01/03/2019,ASSISTENTE JURÍDICO I - NÍVEL 3,ASSISTENTE
1176,321,10/09/2018,05/04/2019,ASSISTENTE JURÍDICO III - NÍVEL 4,ASSISTENTE
624,121,01/09/2018,01/03/2019,ASSISTENTE FISCAL III - NIVEL 5,ASSISTENTE
684,138,01/09/2018,01/08/2021,COORDENADOR FISCAL JUNIOR - NIVEL 3,COORDENADOR
967,240,01/09/2018,01/09/2019,ANALISTA FISCAL SÊNIOR - NÍVEL 2,ANALISTA
1027,263,01/09/2018,11/06/2019,ANALISTA FISCAL JÚNIOR - NÍVEL 3,ANALISTA
1118,296,01/09/2018,02/05/2019,ASSISTENTE FISCAL III - NÍVEL 3,ASSISTENTE
1189,329,01/09/2018,16/01/2019,ANALISTA FISCAL JÚNIOR - NÍVEL 2,ANALISTA
465,84,01/08/2018,01/02/2019,ANALISTA FISCAL JUNIOR - NIVEL 1,ANALISTA
545,107,01/08/2018,01/02/2019,ASSISTENTE FISCAL I - NIVEL 1,ASSISTENTE
594,117,01/08/2018,01/02/2019,ANALISTA FISCAL JUNIOR - NIVEL 4,ANALISTA
640,123,01/08/2018,01/02/2019,ANALISTA FISCAL JUNIOR - NIVEL 1,ANALISTA
1091,285,01/08/2018,27/04/2020,MENOR APRENDIZ,MENOR
456,81,01/07/2018,01/01/2019,ANALISTA FISCAL JUNIOR - NIVEL 3,ANALISTA
476,88,01/07/2018,01/01/2019,ASSISTENTE FISCAL II - NIVEL 1,ASSISTENTE
489,91,01/07/2018,01/01/2019,ANALISTA FISCAL PLENO - NIVEL 5,ANALISTA
632,122,01/07/2018,01/01/2019,ANALISTA FISCAL PLENO - NIVEL 1,ANALISTA
1029,264,01/07/2018,21/09/2018,ASSISTENTE FISCAL II - NÍVEL 5,ASSISTENTE
1164,315,01/07/2018,01/01/2019,ANALISTA ADMINISTRATIVO JÚNIOR - NÍVEL 4,ANALISTA
1171,318,25/06/2018,01/12/2018,ASSISTENTE CONTÁBIL II - NÍVEL 3,ASSISTENTE
527,101,19/06/2018,01/12/2018,ASSISTENTE JURIDICO I - NIVEL 4,ASSISTENTE
687,140,04/06/2018,01/12/2018,ASSISTENTE FISCAL I - NIVEL 1,ASSISTENTE
555,108,01/06/2018,01/01/2019,COORDENADOR DE RECURSOS HUMANOS PLENO - NIVEL 1,COORDENADOR
563,111,01/06/2018,01/12/2018,ASSISTENTE FISCAL III - NIVEL 2,ASSISTENTE
579,115,01/06/2018,01/12/2018,ASSISTENTE ADMINISTRATIVO I - NIVEL 3,ASSISTENTE
617,119,01/06/2018,01/12/2018,ANALISTA FISCAL PLENO - NIVEL 1,ANALISTA
1022,262,01/06/2018,01/12/2018,ASSISTENTE ADMINISTRATIVO III - NÍVEL 3,ASSISTENTE
571,114,22/05/2018,22/11/2018,ASSISTENTE FISCAL II - NIVEL 4,ASSISTENTE
657,131,22/05/2018,01/11/2018,ASSISTENTE FISCAL II - NIVEL 4,ASSISTENTE
977,243,02/05/2018,01/07/2019,ASSISTENTE JURÍDICO III - NÍVEL 5,ASSISTENTE
1040,265,02/05/2018,01/11/2018,COORDENADOR FISCAL PLENO - NÍVEL 2,COORDENADOR
1098,290,03/04/2018,01/11/2018,ANALISTA CONTÁBIL JÚNIOR - NÍVEL 3,ANALISTA
516,97,01/04/2018,01/10/2018,ANALISTA FISCAL PLENO - NIVEL 2,ANALISTA
1063,273,01/04/2018,01/11/2018,ANALISTA CONTÁBIL PLENO - NÍVEL 2,ANALISTA
1146,308,01/04/2018,10/06/2019,COORDENADOR CONTÁBIL JÚNIOR - NÍVEL 5,COORDENADOR
623,121,02/03/2018,01/09/2018,ASSISTENTE CONTABIL III - NIVEL 2,ASSISTENTE
683,138,01/03/2018,01/09/2018,COORDENADOR FISCAL JUNIOR - NIVEL 2,COORDENADOR
966,240,01/03/2018,01/09/2018,ANALISTA FISCAL PLENO - NÍVEL 5,ANALISTA
1004,256,01/03/2018,23/07/2018,ANALISTA FISCAL JÚNIOR - NÍVEL 1,ANALISTA
1026,263,01/03/2018,01/09/2018,ANALISTA FISCAL JÚNIOR - NÍVEL 2,ANALISTA
1117,296,01/03/2018,01/09/2018,ASSISTENTE FISCAL II - NÍVEL 5,ASSISTENTE
979,244,26/02/2018,29/03/2018,ASSISTENTE JURÍDICO III - NÍVEL 5,ASSISTENTE
464,84,01/02/2018,01/08/2018,ASSISTENTE FISCAL III - NIVEL 4,ASSISTENTE
488,91,01/02/2018,01/07/2018,ANALISTA FISCAL PLENO - NIVEL 4,ANALISTA
593,117,01/02/2018,01/08/2018,ANALISTA FISCAL JUNIOR - NIVEL 3,ANALISTA
607,118,01/02/2018,01/10/2018,ANALISTA FISCAL PLENO - NIVEL 4,ANALISTA
639,123,01/02/2018,01/08/2018,ASSISTENTE FISCAL III - NIVEL 4,ASSISTENTE
1072,276,01/02/2018,11/07/2018,ANALISTA FISCAL JÚNIOR - NÍVEL 1,ANALISTA
455,81,19/01/2018,01/07/2018,ANALISTA FISCAL JUNIOR - NIVEL 2,ANALISTA
475,88,09/01/2018,01/07/2018,ASSISTENTE FISCAL I - NIVEL 5,ASSISTENTE
1028,264,09/01/2018,01/07/2018,ASSISTENTE FISCAL II - NÍVEL 2,ASSISTENTE
515,97,01/01/2018,01/04/2018,ANALISTA FISCAL PLENO - NIVEL 1,ANALISTA
554,108,01/01/2018,01/06/2018,COORDENADOR DE RECURSOS HUMANOS JUNIOR - NIVEL 5,COORDENADOR
606,118,01/01/2018,01/02/2018,ANALISTA FISCAL PLENO - NIVEL 3,ANALISTA
616,119,01/01/2018,01/06/2018,ANALISTA FISCAL JUNIOR - NIVEL 5,ANALISTA
631,122,01/01/2018,01/07/2018,ANALISTA FISCAL JUNIOR - NIVEL 5,ANALISTA
965,240,01/01/2018,01/03/2018,ANALISTA FISCAL PLENO - NÍVEL 3,ANALISTA
1039,265,01/01/2018,02/05/2018,COORDENADOR FISCAL PLENO - NÍVEL 1,COORDENADOR
1163,315,01/01/2018,01/07/2018,ANALISTA ADMINISTRATIVO JÚNIOR - NÍVEL 3,ANALISTA
578,115,07/12/2017,01/06/2018,ASSISTENTE ADMINISTRATIVO I - NIVEL 1,ASSISTENTE
562,111,05/12/2017,01/06/2018,ASSISTENTE FISCAL III - NIVEL 1,ASSISTENTE
615,119,01/12/2017,01/01/2018,ANALISTA FISCAL JUNIOR - NIVEL 3,ANALISTA
1021,262,01/12/2017,01/06/2018,ASSISTENTE ADMINISTRATIVO II - NÍVEL 4,ASSISTENTE
1090,284,28/11/2017,25/02/2018,ANALISTA FISCAL JÚNIOR - NÍVEL 4,ANALISTA
976,243,01/11/2017,02/05/2018,ASSISTENTE JURÍDICO III - NÍVEL 2,ASSISTENTE
1038,265,01/11/2017,01/01/2018,COORDENADOR FISCAL JÚNIOR - NÍVEL 4,COORDENADOR
1062,273,24/10/2017,01/04/2018,ANALISTA CONTÁBIL PLENO - NÍVEL 1,ANALISTA
514,97,01/10/2017,01/01/2018,ANALISTA FISCAL JUNIOR - NIVEL 4,ANALISTA
1116,296,24/09/2017,01/03/2018,ASSISTENTE FISCAL II - NÍVEL 3,ASSISTENTE
1003,256,18/09/2017,01/03/2018,ASSISTENTE FISCAL III - NÍVEL 4,ASSISTENTE
1025,263,17/09/2017,01/03/2018,ANALISTA FISCAL JÚNIOR - NÍVEL 1,ANALISTA
964,240,05/09/2017,01/01/2018,ANALISTA FISCAL PLENO - NÍVEL 2,ANALISTA
1188,329,05/09/2017,01/09/2018,ANALISTA FISCAL JÚNIOR - NÍVEL 1,ANALISTA
591,116,01/09/2017,,GERENTE FISCAL SENIOR - NIVEL 2,GERENTE
682,138,01/09/2017,01/03/2018,ANALISTA CONTABIL PLENO - NIVEL 4,ANALISTA
1145,308,01/09/2017,01/04/2018,ANALISTA CONTÁBIL PLENO - NÍVEL 3,ANALISTA
463,84,28/08/2017,01/02/2018,ASSISTENTE FISCAL III - NIVEL 2,ASSISTENTE
592,117,22/08/2017,01/02/2018,ANALISTA FISCAL JUNIOR - NIVEL 2,ANALISTA
605,118,11/08/2017,01/01/2018,ANALISTA FISCAL PLENO - NIVEL 1,ANALISTA
638,123,06/08/2017,01/02/2018,ASSISTENTE FISCAL III - NIVEL 2,ASSISTENTE
1071,276,06/08/2017,01/02/2018,ASSISTENTE FISCAL III - NÍVEL 5,ASSISTENTE
1148,309,01/08/2017,21/12/2017,ASSISTENTE FISCAL I - NÍVEL 5,ASSISTENTE
487,91,20/07/2017,01/02/2018,ANALISTA FISCAL PLENO - NIVEL 2,ANALISTA
454,81,19/07/2017,19/01/2018,ASSISTENTE FISCAL III - NIVEL 5,ASSISTENTE
630,122,16/07/2017,01/01/2018,ANALISTA FISCAL JUNIOR - NIVEL 3,ANALISTA
1162,315,01/07/2017,01/01/2018,ANALISTA ADMINISTRATIVO JÚNIOR - NÍVEL 2,ANALISTA
975,243,01/05/2017,01/11/2017,ASSISTENTE JURÍDICO II - NÍVEL 1,ASSISTENTE
992,249,01/04/2017,31/10/2017,ASSISTENTE FISCAL I - NÍVEL 5,ASSISTENTE
1115,296,27/03/2017,24/09/2017,ASSISTENTE FISCAL I - NÍVEL 1,ASSISTENTE
1002,256,21/03/2017,18/09/2017,ASSISTENTE FISCAL III - NÍVEL 3,ASSISTENTE
1024,263,20/03/2017,17/09/2017,ASSISTENTE FISCAL III - NÍVEL 5,ASSISTENTE
486,91,01/03/2017,20/07/2017,ANALISTA FISCAL PLENO - NIVEL 1,ANALISTA
604,118,01/03/2017,11/08/2017,ANALISTA FISCAL JUNIOR - NIVEL 5,ANALISTA
1037,265,01/03/2017,01/11/2017,COORDENADOR FISCAL JÚNIOR - NÍVEL 3,COORDENADOR
1102,291,01/03/2017,17/10/2017,ANALISTA CONTÁBIL JÚNIOR - NÍVEL 2,ANALISTA
1144,308,01/03/2017,01/09/2017,ANALISTA CONTÁBIL PLENO - NÍVEL 2,ANALISTA
1045,267,21/02/2017,01/01/2019,ANALISTA FISCAL SÊNIOR - NÍVEL 4,ANALISTA
637,123,06/02/2017,06/08/2017,ASSISTENTE FISCAL I - NIVEL 5,ASSISTENTE
1070,276,06/02/2017,06/08/2017,ASSISTENTE FISCAL III - NÍVEL 4,ASSISTENTE
1147,309,01/02/2017,01/08/2017,ASSISTENTE FISCAL I - NÍVEL 4,ASSISTENTE
629,122,10/01/2017,16/07/2017,ANALISTA FISCAL JUNIOR - NIVEL 1,ANALISTA
453,81,01/01/2017,19/07/2017,ASSISTENTE FISCAL III - NIVEL 3,ASSISTENTE
991,249,01/01/2017,01/04/2017,ASSISTENTE FISCAL I - NÍVEL 4,ASSISTENTE
990,249,03/10/2016,01/01/2017,ASSISTENTE FISCAL I - NÍVEL 1,ASSISTENTE
1088,282,05/09/2016,03/02/2017,ADVOGADO JÚNIOR - NÍVEL 1,ADVOGADO
1020,262,21/06/2016,01/12/2017,ASSISTENTE ADMINISTRATIVO I - NÍVEL 2,ASSISTENTE
603,118,01/06/2016,01/03/2017,ANALISTA FISCAL JUNIOR - NIVEL 1,ANALISTA
553,108,01/05/2016,01/01/2018,ANALISTA DE RECURSOS HUMANOS SENIOR - NIVEL 3,ANALISTA
1006,257,01/05/2016,18/11/2016,ASSISTENTE FISCAL II - NÍVEL 1,ASSISTENTE
1061,272,01/05/2016,23/10/2017,ADVOGADO JÚNIOR - NÍVEL 4,ADVOGADO
1101,291,28/03/2016,01/03/2017,ANALISTA CONTÁBIL JÚNIOR - NÍVEL 1,ANALISTA
1143,308,01/03/2016,01/03/2017,ANALISTA CONTÁBIL PLENO - NÍVEL 1,ANALISTA
614,119,01/12/2015,01/12/2017,ANALISTA FISCAL JUNIOR - NIVEL 2,ANALISTA
974,243,01/11/2015,01/05/2017,ASSISTENTE JURÍDICO I - NÍVEL 2,ASSISTENTE
1036,265,01/11/2015,01/03/2017,COORDENADOR FISCAL JÚNIOR - NÍVEL 1,COORDENADOR
1177,322,05/10/2015,05/06/2017,COORDENADOR FISCAL JÚNIOR - NÍVEL 1,COORDENADOR
513,97,01/10/2015,01/10/2017,ANALISTA FISCAL JUNIOR - NIVEL 3,ANALISTA
590,116,01/10/2015,01/09/2017,GERENTE FISCAL PLENO - NIVEL 5,GERENTE
1052,269,01/10/2015,05/04/2016,ANALISTA DE CUSTOS SÊNIOR - NÍVEL 5,ANALISTA
1083,278,01/10/2015,11/05/2018,COORDENADOR ADMINISTRATIVO FINANCEIRO PLENO - NÍVEL 3,COORDENADOR
984,246,14/09/2015,31/10/2016,ASSISTENTE FISCAL I - NÍVEL 1,ASSISTENTE
681,138,01/09/2015,01/09/2017,ANALISTA CONTABIL PLENO - NIVEL 3,ANALISTA
957,86,01/09/2015,,ASSISTENTE ADMINISTRATIVO III - NÍVEL 1,ASSISTENTE
963,240,01/09/2015,05/09/2017,ANALISTA FISCAL PLENO - NÍVEL 1,ANALISTA
1111,294,01/09/2015,18/12/2015,ANALISTA CONTÁBIL PLENO - NÍVEL 3,ANALISTA
1114,295,01/09/2015,10/08/2017,ASSISTENTE FISCAL II - NÍVEL 3,ASSISTENTE
602,118,01/08/2015,01/06/2016,ASSISTENTE FISCAL III - NIVEL 2,ASSISTENTE
1015,259,01/08/2015,13/11/2016,COORDENADOR FISCAL JÚNIOR - NÍVEL 3,COORDENADOR
1044,266,01/08/2015,10/03/2017,ANALISTA FISCAL JÚNIOR - NÍVEL 2,ANALISTA
1158,313,01/08/2015,17/12/2015,ANALISTA CONTÁBIL PLENO - NÍVEL 1,ANALISTA
1174,319,01/08/2015,30/12/2016,ANALISTA FISCAL JÚNIOR - NÍVEL 2,ANALISTA
485,91,20/07/2015,01/03/2017,ANALISTA FISCAL JUNIOR - NIVEL 3,ANALISTA
1051,269,01/07/2015,01/10/2015,ANALISTA DE CUSTOS SÊNIOR - NÍVEL 3,ANALISTA
1067,274,01/07/2015,03/02/2017,ANALISTA FISCAL PLENO - NÍVEL 2,ANALISTA
1069,275,01/07/2015,21/11/2016,ANALISTA FISCAL PLENO - NÍVEL 2,ANALISTA
1106,293,01/07/2015,25/05/2016,ADVOGADO JÚNIOR - NÍVEL 3,ADVOGADO
1137,306,01/07/2015,26/07/2017,GERENTE CONTÁBIL PLENO - NÍVEL 2,GERENTE
1161,315,01/07/2015,01/07/2017,ASSISTENTE ADMINISTRATIVO III - NÍVEL 3,ASSISTENTE
1121,297,08/06/2015,22/07/2015,ASSISTENTE FISCAL II - NÍVEL 3,ASSISTENTE
552,108,01/06/2015,01/05/2016,ANALISTA DE RECURSOS HUMANOS SENIOR - NIVEL 2,ANALISTA
1005,257,01/06/2015,01/05/2016,ASSISTENTE FISCAL I - NÍVEL 1,ASSISTENTE
1060,272,01/06/2015,01/05/2016,ADVOGADO JÚNIOR - NÍVEL 2,ADVOGADO
1076,277,01/06/2015,18/09/2015,ANALISTA FISCAL JÚNIOR - NÍVEL 3,ANALISTA
1168,316,01/06/2015,03/02/2016,ASSISTENTE JURÍDICO I - NÍVEL 1,ASSISTENTE
973,243,04/05/2015,01/11/2015,ASSISTENTE JURÍDICO I - NÍVEL 1,ASSISTENTE
1035,265,01/05/2015,01/11/2015,ANALISTA FISCAL PLENO - NÍVEL 4,ANALISTA
1155,312,01/05/2015,30/03/2016,ANALISTA CONTÁBIL PLENO - NÍVEL 4,ANALISTA
512,97,01/04/2015,01/10/2015,ANALISTA FISCAL JUNIOR - NIVEL 2,ANALISTA
956,86,01/04/2015,01/09/2015,ASSISTENTE ADMINISTRATIVO II - NÍVEL 5,ASSISTENTE
962,240,01/04/2015,01/09/2015,ANALISTA FISCAL JÚNIOR - NÍVEL 4,ANALISTA
1082,278,01/04/2015,01/10/2015,COORDENADOR ADMINISTRATIVO FINANCEIRO PLENO - NÍVEL 2,COORDENADOR
1129,302,01/04/2015,04/04/2016,ANALISTA CONTÁBIL PLENO - NÍVEL 1,ANALISTA
589,116,01/03/2015,01/10/2015,COORDENADOR FISCAL SENIOR - NIVEL 3,COORDENADOR
680,138,01/03/2015,01/09/2015,ANALISTA FISCAL PLENO - NIVEL 3,ANALISTA
955,86,01/03/2015,01/04/2015,ASSISTENTE ADMINISTRATIVO II - NÍVEL 3,ASSISTENTE
961,240,01/03/2015,01/04/2015,ANALISTA FISCAL JÚNIOR - NÍVEL 3,ANALISTA
1110,294,01/03/2015,01/09/2015,ANALISTA CONTÁBIL PLENO - NÍVEL 2,ANALISTA
1173,319,11/02/2015,01/08/2015,ANALISTA FISCAL JÚNIOR - NÍVEL 1,ANALISTA
601,118,01/02/2015,01/08/2015,ASSISTENTE FISCAL II - NIVEL 2,ASSISTENTE
613,119,01/02/2015,01/12/2015,ANALISTA FISCAL JUNIOR - NIVEL 1,ANALISTA
1014,259,01/02/2015,01/08/2015,COORDENADOR FISCAL JÚNIOR - NÍVEL 2,COORDENADOR
1043,266,01/02/2015,01/08/2015,ANALISTA FISCAL JÚNIOR - NÍVEL 1,ANALISTA
1128,302,01/02/2015,01/04/2015,ANALISTA CONTÁBIL JÚNIOR - NÍVEL 5,ANALISTA
1157,313,01/02/2015,01/08/2015,ANALISTA CONTÁBIL JÚNIOR - NÍVEL 5,ANALISTA
1195,332,01/02/2015,27/11/2015,ANALISTA CONTÁBIL JÚNIOR - NÍVEL 2,ANALISTA
1068,275,27/01/2015,01/07/2015,ANALISTA FISCAL PLENO - NÍVEL 1,ANALISTA
452,81,19/01/2015,01/01/2017,ASSISTENTE FISCAL I - NIVEL 4,ASSISTENTE
1066,274,07/01/2015,01/07/2015,ANALISTA FISCAL PLENO - NÍVEL 1,ANALISTA
1160,315,06/01/2015,01/07/2015,ASSISTENTE ADMINISTRATIVO III - NÍVEL 1,ASSISTENTE
1034,265,01/01/2015,01/05/2015,ANALISTA FISCAL PLENO - NÍVEL 2,ANALISTA
1050,269,01/01/2015,01/07/2015,ANALISTA DE CUSTOS SÊNIOR - NÍVEL 2,ANALISTA
1075,277,01/01/2015,01/06/2015,ANALISTA FISCAL JÚNIOR - NÍVEL 2,ANALISTA
1105,293,01/01/2015,01/07/2015,ADVOGADO JÚNIOR - NÍVEL 2,ADVOGADO
1136,306,01/01/2015,01/07/2015,GERENTE CONTÁBIL JÚNIOR - NÍVEL 5,GERENTE
1170,317,01/01/2015,09/02/2016,ANALISTA FISCAL JÚNIOR - NÍVEL 1,ANALISTA
511,97,01/10/2014,01/04/2015,ANALISTA FISCAL JUNIOR - NIVEL 1,ANALISTA
960,240,01/10/2014,01/03/2015,ANALISTA FISCAL JÚNIOR - NÍVEL 2,ANALISTA
1156,313,04/08/2014,01/02/2015,ANALISTA CONTÁBIL JÚNIOR - NÍVEL 4,ANALISTA
1194,332,04/08/2014,01/02/2015,ANALISTA CONTÁBIL JÚNIOR - NÍVEL 1,ANALISTA
600,118,01/08/2014,01/02/2015,ASSISTENTE FISCAL II - NIVEL 1,ASSISTENTE
679,138,01/08/2014,01/03/2015,ANALISTA FISCAL PLENO - NIVEL 1,ANALISTA
1013,259,01/08/2014,01/02/2015,COORDENADOR FISCAL JÚNIOR - NÍVEL 1,COORDENADOR
1049,269,21/07/2014,01/01/2015,ANALISTA DE CUSTOS SÊNIOR - NÍVEL 1,ANALISTA
1104,293,07/07/2014,01/01/2015,ADVOGADO JÚNIOR - NÍVEL 1,ADVOGADO
1169,317,07/07/2014,01/01/2015,ASSISTENTE FISCAL III - NÍVEL 5,ASSISTENTE
612,119,04/06/2014,01/02/2015,ANALISTA FISCAL I - NIVEL 1,ANALISTA
510,97,01/05/2014,01/10/2014,ASSISTENTE FISCAL III - NIVEL 5,ASSISTENTE
551,108,01/05/2014,01/06/2015,ANALISTA DE RECURSOS HUMANOS SENIOR - NIVEL 1,ANALISTA
588,116,01/05/2014,01/03/2015,COORDENADOR FISCAL PLENO - NIVEL 5,COORDENADOR
599,118,01/05/2014,01/08/2014,ASSISTENTE FISCAL I - NIVEL 4,ASSISTENTE
678,138,01/05/2014,01/08/2014,ANALISTA FISCAL JUNIOR - NIVEL 3,ANALISTA
954,86,01/05/2014,01/03/2015,ASSISTENTE ADMINISTRATIVO II - NÍVEL 2,ASSISTENTE
959,240,01/05/2014,01/10/2014,ANALISTA FISCAL JÚNIOR - NÍVEL 1,ANALISTA
972,242,01/05/2014,07/04/2016,ANALISTA FISCAL JÚNIOR - NÍVEL 5,ANALISTA
1012,259,01/05/2014,01/08/2014,ANALISTA FISCAL PLENO - NÍVEL 3,ANALISTA
1033,265,01/05/2014,01/01/2015,ANALISTA FISCAL PLENO - NÍVEL 1,ANALISTA
1059,272,01/05/2014,01/06/2015,ADVOGADO JÚNIOR - NÍVEL 1,ADVOGADO
1074,277,01/05/2014,01/01/2015,ANALISTA FISCAL JÚNIOR - NÍVEL 1,ANALISTA
1081,278,01/05/2014,01/04/2015,COORDENADOR ADMINISTRATIVO FINANCEIRO PLENO - NÍVEL 1,COORDENADOR
1087,281,01/05/2014,06/03/2015,ASSISTENTE FISCAL I - NÍVEL 4,ASSISTENTE
1109,294,01/05/2014,01/03/2015,ANALISTA CONTÁBIL PLENO - NÍVEL 1,ANALISTA
1113,295,01/05/2014,01/09/2015,ASSISTENTE FISCAL II - NÍVEL 2,ASSISTENTE
1127,302,01/05/2014,01/02/2015,ANALISTA CONTÁBIL JÚNIOR - NÍVEL 4,ANALISTA
1133,305,01/05/2014,20/03/2015,ANALISTA FISCAL JÚNIOR - NÍVEL 4,ANALISTA
1135,306,01/05/2014,01/01/2015,GERENTE CONTÁBIL JÚNIOR - NÍVEL 3,GERENTE
1154,312,01/05/2014,01/05/2015,ANALISTA CONTÁBIL PLENO - NÍVEL 3,ANALISTA
1086,281,17/03/2014,01/05/2014,AUXILIAR FISCAL II - NÍVEL 3,AUXILIAR
1132,305,17/03/2014,01/05/2014,ANALISTA FISCAL II - NÍVEL 3,ANALISTA
958,240,05/03/2014,01/05/2014,ANALISTA FISCAL I - NÍVEL 1,ANALISTA
1042,266,19/02/2014,01/02/2015,ANALISTA FISCAL I - NÍVEL 1,ANALISTA
598,118,11/02/2014,01/05/2014,AUXILIAR FISCAL II - NIVEL 3,AUXILIAR
1134,306,20/01/2014,01/05/2014,GERENTE,GERENTE
509,97,01/01/2014,01/05/2014,AUXILIAR FISCAL II - NIVEL 3,AUXILIAR
587,116,01/01/2014,01/05/2014,COORDENADOR FISCAL II - NIVEL 3,COORDENADOR
1108,294,01/01/2014,01/05/2014,ANALISTA CONTÁBIL II - NÍVEL 1,ANALISTA
1153,312,01/01/2014,01/05/2014,ANALISTA CONTÁBIL II - NÍVEL 3,ANALISTA
1073,277,09/12/2013,01/05/2014,ANALISTA FISCAL I - NÍVEL 1,ANALISTA
1080,278,01/11/2013,01/05/2014,COORDENADOR ADMINISTRATIVO FINANCEIRO III - NÍVEL 5,COORDENADOR
1126,302,21/10/2013,01/05/2014,ANALISTA CONTÁBIL II - NÍVEL 1,ANALISTA
508,97,01/10/2013,01/01/2014,AUXILIAR FISCAL II - NIVEL 1,AUXILIAR
1011,259,01/10/2013,01/05/2014,ANALISTA FISCAL II - NÍVEL 2,ANALISTA
1032,265,01/10/2013,01/05/2014,ANALISTA FISCAL I - NÍVEL 4,ANALISTA
1112,295,04/09/2013,01/05/2014,AUXILIAR FISCAL II - NÍVEL 4,AUXILIAR
953,86,02/09/2013,01/05/2014,AUXILIAR ADMINISTRATIVO I - NÍVEL 1,AUXILIAR
1107,294,02/09/2013,01/01/2014,ANALISTA CONTÁBIL I - NÍVEL 4,ANALISTA
677,138,01/09/2013,01/05/2014,ANALISTA FISCAL II - NIVEL 2,ANALISTA
1010,259,01/08/2013,01/10/2013,ANALISTA FISCAL I - NÍVEL 5,ANALISTA
971,242,10/06/2013,01/05/2014,ANALISTA FISCAL II - NÍVEL 2,ANALISTA
550,108,03/06/2013,01/05/2014,PSICOLOGA,PSICOLOGA
1089,283,02/05/2013,06/01/2015,ASSISTENTE JURÍDICO I - NÍVEL 1,ASSISTENTE
586,116,01/05/2013,01/01/2014,COORDENADOR FISCAL II - NIVEL 1,COORDENADOR
676,138,01/05/2013,01/09/2013,ANALISTA FISCAL I - NIVEL 3,ANALISTA
1031,265,01/05/2013,01/10/2013,ANALISTA FISCAL I - NÍVEL 2,ANALISTA
1079,278,01/05/2013,01/11/2013,COORDENADOR ADMINISTRATIVO FINANCEIRO III - NÍVEL 3,COORDENADOR
1030,265,12/11/2012,01/05/2013,AUXILIAR FISCAL I - NÍVEL 2,AUXILIAR
507,97,25/10/2012,01/10/2013,AUXILIAR FISCAL I - NIVEL 1,AUXILIAR
675,138,01/10/2012,01/05/2013,ANALISTA FISCAL I - NIVEL 1,ANALISTA
1152,312,07/05/2012,01/01/2014,ANALISTA CONTÁBIL II - NÍVEL 2,ANALISTA
585,116,01/05/2012,01/05/2013,COORDENADOR FISCAL I - NIVEL 3,COORDENADOR
674,138,01/05/2012,01/10/2012,AUXILIAR FISCAL III - NIVEL 5,AUXILIAR
1009,259,01/05/2012,01/08/2013,ANALISTA FISCAL I - NÍVEL 2,ANALISTA
1058,272,01/05/2012,01/05/2014,ASSISTENTE JURÍDICO I - NÍVEL 2,ASSISTENTE
1078,278,01/05/2012,01/05/2013,COORDENADOR ADMINISTRATIVO FINANCEIRO III - NÍVEL 2,COORDENADOR
673,138,01/02/2012,01/05/2012,ANALISTA FISCAL I,ANALISTA
1057,272,07/10/2011,01/05/2012,ASSISTENTE JURÍDICO,ASSISTENTE
584,116,01/05/2010,01/05/2012,COORDENADOR CONTABIL I,COORDENADOR
672,138,08/03/2010,01/02/2012,AUXILIAR ADMINISTRATIVO,AUXILIAR
1008,259,22/02/2010,01/05/2012,ANALISTA CONTÁBIL,ANALISTA
583,116,03/09/2008,01/05/2010,AUXILIAR CONTABIL,AUXILIAR
1077,278,01/01/2004,01/05/2012,AUXILIAR FISCAL III - NÍVEL 5,AUXILIAR
